{"mmlu": {"acc,none": 0.22959692351516878, "acc_stderr,none": 0.0035433868776596723, "alias": "mmlu"}}