{"openbookqa": {"acc,none": 0.17, "acc_stderr,none": 0.01681563353139343, "acc_norm,none": 0.272, "acc_norm_stderr,none": 0.019920483209566082, "alias": "openbookqa"}}