{
  "mmlu": {
    "acc,none": 0.7016806722689075,
    "acc_stderr,none": 0.003683328920119816,
    "alias": "mmlu"
  },
  "hellaswag": {
    "acc,none": 0.5900219079864569,
    "acc_stderr,none": 0.004908241354310222,
    "acc_norm,none": 0.775542720573591,
    "acc_norm_stderr,none": 0.004163717220873828,
    "alias": "hellaswag"
  },
  "boolq": {
    "acc,none": 0.8513761467889909,
    "acc_stderr,none": 0.006221534835349704,
    "alias": "boolq"
  }
}