{
  "mmlu": {
    "acc,none": 0.2748896168636946,
    "acc_stderr,none": 0.0037469011421359276,
    "alias": "mmlu"
  },
  "hellaswag": {
    "acc,none": 0.4206333399721171,
    "acc_stderr,none": 0.004926518439372273,
    "acc_norm,none": 0.5381398127862975,
    "acc_norm_stderr,none": 0.004975243508751997,
    "alias": "hellaswag"
  },
  "boolq": {
    "acc,none": 0.5804281345565749,
    "acc_stderr,none": 0.008631175489166724,
    "alias": "boolq"
  }
}